path	stage	stage_kind	stage_iteration	global_iteration	max_projected_force_ev_a	rms_projected_force_ev_a	force_limit_ev_a
TT_c	01_tt_c	pre_neb	1	1	0.64091500	0.09547089	0.10000000
TT_c	01_tt_c	pre_neb	2	2	0.56703100	0.08572874	0.10000000
TT_c	01_tt_c	pre_neb	3	3	0.50320100	0.07753169	0.10000000
TT_c	01_tt_c	pre_neb	4	4	0.45130000	0.07030691	0.10000000
TT_c	01_tt_c	pre_neb	5	5	0.40266800	0.06441919	0.10000000
TT_c	01_tt_c	pre_neb	6	6	0.36162900	0.05902908	0.10000000
TT_c	01_tt_c	pre_neb	7	7	0.32502000	0.05417257	0.10000000
TT_c	01_tt_c	pre_neb	8	8	0.29524400	0.05026242	0.10000000
TT_c	01_tt_c	pre_neb	9	9	0.26711500	0.04645957	0.10000000
TT_c	01_tt_c	pre_neb	10	10	0.24193900	0.04328500	0.10000000
TT_c	01_tt_c	pre_neb	11	11	0.22397500	0.04054246	0.10000000
TT_c	01_tt_c	pre_neb	12	12	0.20140900	0.03761254	0.10000000
TT_c	01_tt_c	pre_neb	13	13	0.18635900	0.03546614	0.10000000
TT_c	01_tt_c	pre_neb	14	14	0.16679100	0.03308446	0.10000000
TT_c	01_tt_c	pre_neb	15	15	0.15257100	0.03113835	0.10000000
TT_c	01_tt_c	pre_neb	16	16	0.14093400	0.02974463	0.10000000
TT_c	01_tt_c	pre_neb	17	17	0.13441700	0.02838062	0.10000000
TT_c	01_tt_c	pre_neb	18	18	0.13335700	0.02716477	0.10000000
TT_c	01_tt_c	pre_neb	19	19	0.13333100	0.02578181	0.10000000
TT_c	01_tt_c	pre_neb	20	20	0.12892700	0.02465505	0.10000000
TT_c	01_tt_c	pre_neb	21	21	0.12877200	0.02372241	0.10000000
TT_c	01_tt_c	pre_neb	22	22	0.12284800	0.02275466	0.10000000
TT_c	01_tt_c	pre_neb	23	23	0.11810800	0.02185954	0.10000000
TT_c	01_tt_c	pre_neb	24	24	0.11251700	0.02090883	0.10000000
TT_c	01_tt_c	pre_neb	25	25	0.10943300	0.02019319	0.10000000
TT_c	01_tt_c	pre_neb	26	26	0.10530400	0.01939867	0.10000000
TT_c	01_tt_c	pre_neb	27	27	0.10247000	0.01869012	0.10000000
TT_c	01_tt_c	pre_neb	28	28	0.10144800	0.01813717	0.10000000
TT_c	01_tt_c	pre_neb	29	29	0.09423400	0.01724944	0.10000000
TT_c	ci_01	ci_neb	1	30	0.19678400	0.01994498	0.03000000
TT_c	ci_01	ci_neb	2	31	0.19413700	0.01934132	0.03000000
TT_c	ci_01	ci_neb	3	32	0.19080600	0.01869663	0.03000000
TT_c	ci_01	ci_neb	4	33	0.18816700	0.01827402	0.03000000
TT_c	ci_01	ci_neb	5	34	0.18534000	0.01789376	0.03000000
TT_c	ci_01	ci_neb	6	35	0.18347500	0.01743935	0.03000000
TT_c	ci_01	ci_neb	7	36	0.17985400	0.01704260	0.03000000
TT_c	ci_01	ci_neb	8	37	0.17692900	0.01666625	0.03000000
TT_c	ci_01	ci_neb	9	38	0.17387600	0.01633826	0.03000000
TT_c	ci_01	ci_neb	10	39	0.17125400	0.01608343	0.03000000
TT_c	ci_01	ci_neb	11	40	0.16837700	0.01579681	0.03000000
TT_c	ci_01	ci_neb	12	41	0.16635700	0.01550631	0.03000000
TT_c	ci_01	ci_neb	13	42	0.16353400	0.01528027	0.03000000
TT_c	ci_01	ci_neb	14	43	0.16135000	0.01508145	0.03000000
TT_c	ci_01	ci_neb	15	44	0.15896100	0.01485971	0.03000000
TT_c	ci_01	ci_neb	16	45	0.15666500	0.01465870	0.03000000
TT_c	ci_01	ci_neb	17	46	0.15413900	0.01452714	0.03000000
TT_c	ci_01	ci_neb	18	47	0.15187500	0.01426591	0.03000000
TT_c	ci_01	ci_neb	19	48	0.14971000	0.01404359	0.03000000
TT_c	ci_01	ci_neb	20	49	0.14743700	0.01380421	0.03000000
TT_c	ci_01	ci_neb	21	50	0.14503800	0.01364901	0.03000000
TT_c	ci_01	ci_neb	22	51	0.14263800	0.01357931	0.03000000
TT_c	ci_01	ci_neb	23	52	0.14209200	0.01339894	0.03000000
TT_c	ci_01	ci_neb	24	53	0.13989000	0.01317280	0.03000000
TT_c	ci_01	ci_neb	25	54	0.13775600	0.01297301	0.03000000
TT_c	ci_01	ci_neb	26	55	0.13610800	0.01270181	0.03000000
TT_c	ci_01	ci_neb	27	56	0.13387500	0.01258547	0.03000000
TT_c	ci_01	ci_neb	28	57	0.13157700	0.01235476	0.03000000
TT_c	ci_01	ci_neb	29	58	0.12938300	0.01218690	0.03000000
TT_c	ci_01	ci_neb	30	59	0.12825900	0.01195601	0.03000000
TT_c	ci_01	ci_neb	31	60	0.12582500	0.01182481	0.03000000
TT_c	ci_01	ci_neb	32	61	0.12355000	0.01163552	0.03000000
TT_c	ci_01	ci_neb	33	62	0.12147700	0.01147488	0.03000000
TT_c	ci_01	ci_neb	34	63	0.11976600	0.01128984	0.03000000
TT_c	ci_01	ci_neb	35	64	0.11741200	0.01115369	0.03000000
TT_c	ci_01	ci_neb	36	65	0.11597700	0.01103352	0.03000000
TT_c	ci_01	ci_neb	37	66	0.11456100	0.01097569	0.03000000
TT_c	ci_01	ci_neb	38	67	0.11249900	0.01081056	0.03000000
TT_c	ci_01	ci_neb	39	68	0.11074700	0.01065514	0.03000000
TT_c	ci_01	ci_neb	40	69	0.10890500	0.01047664	0.03000000
TT_c	ci_01	ci_neb	41	70	0.10678200	0.01030282	0.03000000
TT_c	ci_01	ci_neb	42	71	0.10567300	0.01021939	0.03000000
TT_c	ci_01	ci_neb	43	72	0.10423200	0.00998894	0.03000000
TT_c	ci_01	ci_neb	44	73	0.10292400	0.00986553	0.03000000
TT_c	ci_01	ci_neb	45	74	0.10142000	0.00974886	0.03000000
TT_c	ci_01	ci_neb	46	75	0.10020300	0.00963190	0.03000000
TT_c	ci_01	ci_neb	47	76	0.09898700	0.00948299	0.03000000
TT_c	ci_01	ci_neb	48	77	0.09769700	0.00929797	0.03000000
TT_c	ci_01	ci_neb	49	78	0.09640900	0.00913752	0.03000000
TT_c	ci_01	ci_neb	50	79	0.09504300	0.00898841	0.03000000
TT_c	ci_01	ci_neb	51	80	0.09365800	0.00882746	0.03000000
TT_c	ci_01	ci_neb	52	81	0.09208700	0.00872019	0.03000000
TT_c	ci_01	ci_neb	53	82	0.09076700	0.00859721	0.03000000
TT_c	ci_01	ci_neb	54	83	0.08896200	0.00846355	0.03000000
TT_c	ci_01	ci_neb	55	84	0.08772100	0.00831642	0.03000000
TT_c	ci_01	ci_neb	56	85	0.08636900	0.00814108	0.03000000
TT_c	ci_01	ci_neb	57	86	0.08521400	0.00799160	0.03000000
TT_c	ci_01	ci_neb	58	87	0.08361100	0.00786879	0.03000000
TT_c	ci_01	ci_neb	59	88	0.08258200	0.00774885	0.03000000
TT_c	ci_01	ci_neb	60	89	0.08132200	0.00760846	0.03000000
TT_c	ci_01	ci_neb	61	90	0.07945900	0.00747306	0.03000000
TT_c	ci_01	ci_neb	62	91	0.07842700	0.00733275	0.03000000
TT_c	ci_01	ci_neb	63	92	0.07742700	0.00722042	0.03000000
TT_c	ci_01	ci_neb	64	93	0.07631400	0.00711823	0.03000000
TT_c	ci_01	ci_neb	65	94	0.07521800	0.00701277	0.03000000
TT_c	ci_01	ci_neb	66	95	0.07436600	0.00690004	0.03000000
TT_c	ci_01	ci_neb	67	96	0.07325500	0.00679877	0.03000000
TT_c	ci_01	ci_neb	68	97	0.07171500	0.00669628	0.03000000
TT_c	ci_01	ci_neb	69	98	0.07030300	0.00665560	0.03000000
TT_c	ci_01	ci_neb	70	99	0.06920700	0.00652301	0.03000000
TT_c	ci_01	ci_neb	71	100	0.06799500	0.00643659	0.03000000
TT_c	ci_01	ci_neb	72	101	0.06724600	0.00635398	0.03000000
TT_c	ci_01	ci_neb	73	102	0.06610400	0.00623768	0.03000000
TT_c	ci_01	ci_neb	74	103	0.06491400	0.00616929	0.03000000
TT_c	ci_01	ci_neb	75	104	0.06410000	0.00608754	0.03000000
TT_c	ci_01	ci_neb	76	105	0.06294800	0.00598855	0.03000000
TT_c	ci_01	ci_neb	77	106	0.06215200	0.00590476	0.03000000
TT_c	ci_01	ci_neb	78	107	0.06110900	0.00582838	0.03000000
TT_c	ci_01	ci_neb	79	108	0.06001200	0.00576097	0.03000000
TT_c	ci_01	ci_neb	80	109	0.05942900	0.00567084	0.03000000
TT_c	ci_01	ci_neb	81	110	0.05883700	0.00558796	0.03000000
TT_c	ci_01	ci_neb	82	111	0.05782000	0.00550120	0.03000000
TT_c	ci_01	ci_neb	83	112	0.05673300	0.00544140	0.03000000
TT_c	ci_01	ci_neb	84	113	0.05488000	0.00535987	0.03000000
TT_c	ci_01	ci_neb	85	114	0.05353500	0.00528679	0.03000000
TT_c	ci_01	ci_neb	86	115	0.05261300	0.00523549	0.03000000
TT_c	ci_01	ci_neb	87	116	0.05202000	0.00513362	0.03000000
TT_c	ci_01	ci_neb	88	117	0.05132900	0.00505374	0.03000000
TT_c	ci_01	ci_neb	89	118	0.05063000	0.00503114	0.03000000
TT_c	ci_01	ci_neb	90	119	0.04985800	0.00493654	0.03000000
TT_c	ci_01	ci_neb	91	120	0.04925900	0.00490725	0.03000000
TT_c	ci_01	ci_neb	92	121	0.04883600	0.00480030	0.03000000
TT_c	ci_01	ci_neb	93	122	0.04784200	0.00476157	0.03000000
TT_c	ci_01	ci_neb	94	123	0.04701300	0.00469623	0.03000000
TT_c	ci_01	ci_neb	95	124	0.04613600	0.00462550	0.03000000
TT_c	ci_01	ci_neb	96	125	0.04569900	0.00461572	0.03000000
TT_c	ci_01	ci_neb	97	126	0.04515000	0.00451826	0.03000000
TT_c	ci_01	ci_neb	98	127	0.04412600	0.00442792	0.03000000
TT_c	ci_01	ci_neb	99	128	0.04354700	0.00434590	0.03000000
TT_c	ci_01	ci_neb	100	129	0.04281900	0.00428821	0.03000000
TT_c	ci_01	ci_neb	101	130	0.04229200	0.00420037	0.03000000
TT_c	ci_01	ci_neb	102	131	0.04166200	0.00414160	0.03000000
TT_c	ci_01	ci_neb	103	132	0.04082800	0.00408476	0.03000000
TT_c	ci_01	ci_neb	104	133	0.04004700	0.00406612	0.03000000
TT_c	ci_01	ci_neb	105	134	0.03920200	0.00401763	0.03000000
TT_c	ci_01	ci_neb	106	135	0.03885300	0.00394630	0.03000000
TT_c	ci_01	ci_neb	107	136	0.03855800	0.00389850	0.03000000
TT_c	ci_01	ci_neb	108	137	0.03791400	0.00381961	0.03000000
TT_c	ci_01	ci_neb	109	138	0.03775400	0.00374630	0.03000000
TT_c	ci_01	ci_neb	110	139	0.03728500	0.00371366	0.03000000
TT_c	ci_01	ci_neb	111	140	0.03680900	0.00367716	0.03000000
TT_c	ci_01	ci_neb	112	141	0.03640900	0.00362043	0.03000000
TT_c	ci_01	ci_neb	113	142	0.03595800	0.00354922	0.03000000
TT_c	ci_01	ci_neb	114	143	0.03560700	0.00348353	0.03000000
TT_c	ci_01	ci_neb	115	144	0.03470100	0.00342313	0.03000000
TT_c	ci_01	ci_neb	116	145	0.03434500	0.00339286	0.03000000
TT_c	ci_01	ci_neb	117	146	0.03378100	0.00333214	0.03000000
TT_c	ci_01	ci_neb	118	147	0.03343600	0.00328608	0.03000000
TT_c	ci_01	ci_neb	119	148	0.03297000	0.00323460	0.03000000
TT_c	ci_01	ci_neb	120	149	0.03265000	0.00320926	0.03000000
TT_c	ci_01	ci_neb	121	150	0.03229600	0.00315653	0.03000000
TT_c	ci_01	ci_neb	122	151	0.03191500	0.00309711	0.03000000
TT_c	ci_01	ci_neb	123	152	0.03130200	0.00305172	0.03000000
TT_c	ci_01	ci_neb	124	153	0.03076300	0.00299423	0.03000000
TT_c	ci_01	ci_neb	125	154	0.03029600	0.00294890	0.03000000
TT_c	ci_01	ci_neb	126	155	0.02975300	0.00293441	0.03000000
TO	02_to	pre_neb	1	1	0.54310500	0.07266361	0.10000000
TO	02_to	pre_neb	2	2	0.47697800	0.06552922	0.10000000
TO	02_to	pre_neb	3	3	0.41841500	0.05914395	0.10000000
TO	02_to	pre_neb	4	4	0.37166200	0.05388725	0.10000000
TO	02_to	pre_neb	5	5	0.32806000	0.04951231	0.10000000
TO	02_to	pre_neb	6	6	0.29984400	0.04566398	0.10000000
TO	02_to	pre_neb	7	7	0.26469800	0.04207303	0.10000000
TO	02_to	pre_neb	8	8	0.24120900	0.03874622	0.10000000
TO	02_to	pre_neb	9	9	0.23726100	0.03625169	0.10000000
TO	02_to	pre_neb	10	10	0.23394600	0.03389405	0.10000000
TO	02_to	pre_neb	11	11	0.23011700	0.03182747	0.10000000
TO	02_to	pre_neb	12	12	0.21935400	0.02969844	0.10000000
TO	02_to	pre_neb	13	13	0.21056900	0.02798442	0.10000000
TO	02_to	pre_neb	14	14	0.20610800	0.02642214	0.10000000
TO	02_to	pre_neb	15	15	0.19811800	0.02507753	0.10000000
TO	02_to	pre_neb	16	16	0.19204700	0.02384970	0.10000000
TO	02_to	pre_neb	17	17	0.18769900	0.02277306	0.10000000
TO	02_to	pre_neb	18	18	0.18329900	0.02180382	0.10000000
TO	02_to	pre_neb	19	19	0.17294400	0.02076149	0.10000000
TO	02_to	pre_neb	20	20	0.16585300	0.02003363	0.10000000
TO	02_to	pre_neb	21	21	0.16095200	0.01933393	0.10000000
TO	02_to	pre_neb	22	22	0.15646400	0.01865350	0.10000000
TO	02_to	pre_neb	23	23	0.14831000	0.01816948	0.10000000
TO	02_to	pre_neb	24	24	0.14507900	0.01758424	0.10000000
TO	02_to	pre_neb	25	25	0.14023300	0.01706193	0.10000000
TO	02_to	pre_neb	26	26	0.13588600	0.01653467	0.10000000
TO	02_to	pre_neb	27	27	0.13102100	0.01612168	0.10000000
TO	02_to	pre_neb	28	28	0.12515800	0.01572907	0.10000000
TO	02_to	pre_neb	29	29	0.11798500	0.01529574	0.10000000
TO	02_to	pre_neb	30	30	0.11927000	0.01502633	0.10000000
TO	02_to	pre_neb	31	31	0.11493200	0.01469473	0.10000000
TO	02_to	pre_neb	32	32	0.11178700	0.01432948	0.10000000
TO	02_to	pre_neb	33	33	0.11316800	0.01412046	0.10000000
TO	02_to	pre_neb	34	34	0.10851200	0.01387503	0.10000000
TO	02_to	pre_neb	35	35	0.10248600	0.01355182	0.10000000
TO	02_to	pre_neb	36	36	0.10034000	0.01334260	0.10000000
TO	02_to	pre_neb	37	37	0.09846800	0.01307581	0.10000000
TO	ci_01	ci_neb	1	38	0.22110500	0.01697436	0.03000000
TO	ci_03	ci_neb	1	39	0.22110500	0.01697436	0.03000000
TO	ci_03	ci_neb	2	40	0.21755300	0.01677910	0.03000000
TO	ci_03	ci_neb	3	41	0.21442100	0.01658427	0.03000000
TO	ci_03	ci_neb	4	42	0.21039200	0.01630956	0.03000000
TO	ci_03	ci_neb	5	43	0.20658100	0.01609974	0.03000000
TO	ci_03	ci_neb	6	44	0.20301000	0.01583653	0.03000000
TO	ci_03	ci_neb	7	45	0.19982100	0.01566606	0.03000000
TO	ci_03	ci_neb	8	46	0.19643600	0.01543379	0.03000000
TO	ci_03	ci_neb	9	47	0.19251200	0.01529061	0.03000000
TO	ci_03	ci_neb	10	48	0.18868800	0.01510146	0.03000000
TO	ci_03	ci_neb	11	49	0.18520100	0.01489881	0.03000000
TO	ci_03	ci_neb	12	50	0.18197500	0.01469596	0.03000000
TO	ci_03	ci_neb	13	51	0.17887400	0.01458360	0.03000000
TO	ci_03	ci_neb	14	52	0.17571800	0.01448145	0.03000000
TO	ci_03	ci_neb	15	53	0.17278400	0.01427141	0.03000000
TO	ci_03	ci_neb	16	54	0.16982600	0.01412568	0.03000000
TO	ci_03	ci_neb	17	55	0.16746400	0.01400623	0.03000000
TO	ci_03	ci_neb	18	56	0.16408100	0.01388532	0.03000000
TO	ci_03	ci_neb	19	57	0.16077400	0.01374449	0.03000000
TO	ci_03	ci_neb	20	58	0.15856900	0.01365893	0.03000000
TO	ci_03	ci_neb	21	59	0.15621000	0.01346328	0.03000000
TO	ci_03	ci_neb	22	60	0.15382000	0.01334911	0.03000000
TO	ci_03	ci_neb	23	61	0.15100400	0.01315402	0.03000000
TO	ci_03	ci_neb	24	62	0.14831100	0.01295489	0.03000000
TO	ci_03	ci_neb	25	63	0.14546200	0.01277582	0.03000000
TO	ci_03	ci_neb	26	64	0.14232800	0.01270538	0.03000000
TO	ci_03	ci_neb	27	65	0.13989000	0.01260176	0.03000000
TO	ci_03	ci_neb	28	66	0.13786800	0.01247886	0.03000000
TO	ci_03	ci_neb	29	67	0.13568500	0.01233991	0.03000000
TO	ci_03	ci_neb	30	68	0.13286300	0.01214071	0.03000000
TO	ci_03	ci_neb	31	69	0.13032700	0.01204300	0.03000000
TO	ci_03	ci_neb	32	70	0.12799400	0.01194042	0.03000000
TO	ci_03	ci_neb	33	71	0.12572700	0.01177859	0.03000000
TO	ci_03	ci_neb	34	72	0.12353800	0.01168602	0.03000000
TO	ci_03	ci_neb	35	73	0.12148600	0.01155290	0.03000000
TO	ci_03	ci_neb	36	74	0.11945400	0.01143598	0.03000000
TO	ci_03	ci_neb	37	75	0.11745800	0.01125384	0.03000000
TO	ci_03	ci_neb	38	76	0.11547100	0.01110283	0.03000000
TO	ci_03	ci_neb	39	77	0.11363900	0.01098245	0.03000000
TO	ci_03	ci_neb	40	78	0.11182000	0.01083182	0.03000000
TO	ci_03	ci_neb	41	79	0.11005000	0.01069349	0.03000000
TO	ci_03	ci_neb	42	80	0.10835700	0.01056637	0.03000000
TO	ci_03	ci_neb	43	81	0.10646600	0.01041767	0.03000000
TO	ci_03	ci_neb	44	82	0.10453600	0.01030503	0.03000000
TO	ci_03	ci_neb	45	83	0.10282800	0.01018045	0.03000000
TO	ci_03	ci_neb	46	84	0.10019200	0.01009060	0.03000000
TO	ci_03	ci_neb	47	85	0.09902100	0.00999240	0.03000000
TO	ci_03	ci_neb	48	86	0.09758200	0.00986621	0.03000000
TO	ci_03	ci_neb	49	87	0.09565600	0.00977369	0.03000000
TO	ci_03	ci_neb	50	88	0.09378200	0.00961173	0.03000000
TO	ci_03	ci_neb	51	89	0.09197500	0.00946194	0.03000000
TO	ci_03	ci_neb	52	90	0.09078800	0.00931182	0.03000000
TO	ci_03	ci_neb	53	91	0.08904100	0.00921857	0.03000000
TO	ci_03	ci_neb	54	92	0.08718900	0.00903567	0.03000000
TO	ci_03	ci_neb	55	93	0.08569200	0.00896538	0.03000000
TO	ci_03	ci_neb	56	94	0.08385900	0.00887199	0.03000000
TO	ci_03	ci_neb	57	95	0.08258400	0.00880259	0.03000000
TO	ci_03	ci_neb	58	96	0.08145900	0.00868401	0.03000000
TO	ci_03	ci_neb	59	97	0.08033700	0.00854473	0.03000000
TO	ci_03	ci_neb	60	98	0.07924500	0.00844545	0.03000000
TO	ci_03	ci_neb	61	99	0.07829700	0.00838471	0.03000000
TO	ci_03	ci_neb	62	100	0.07671800	0.00823552	0.03000000
TO	ci_03	ci_neb	63	101	0.07566500	0.00814870	0.03000000
TO	ci_03	ci_neb	64	102	0.07386500	0.00808752	0.03000000
TO	ci_03	ci_neb	65	103	0.07263300	0.00797208	0.03000000
TO	ci_03	ci_neb	66	104	0.07151900	0.00788526	0.03000000
TO	ci_03	ci_neb	67	105	0.07029200	0.00781273	0.03000000
TO	ci_03	ci_neb	68	106	0.06933400	0.00780028	0.03000000
TO	ci_03	ci_neb	69	107	0.06836300	0.00770120	0.03000000
TO	ci_03	ci_neb	70	108	0.06728600	0.00760822	0.03000000
TO	ci_03	ci_neb	71	109	0.06637900	0.00754508	0.03000000
TO	ci_03	ci_neb	72	110	0.06542600	0.00746453	0.03000000
TO	ci_03	ci_neb	73	111	0.06424400	0.00742343	0.03000000
TO	ci_03	ci_neb	74	112	0.06311000	0.00734849	0.03000000
TO	ci_03	ci_neb	75	113	0.06250200	0.00727338	0.03000000
TO	ci_03	ci_neb	76	114	0.06163700	0.00719686	0.03000000
TO	ci_03	ci_neb	77	115	0.06118500	0.00712708	0.03000000
TO	ci_03	ci_neb	78	116	0.06040500	0.00702029	0.03000000
TO	ci_03	ci_neb	79	117	0.05977100	0.00690018	0.03000000
TO	ci_03	ci_neb	80	118	0.05894200	0.00683211	0.03000000
TO	ci_03	ci_neb	81	119	0.05823500	0.00679391	0.03000000
TO	ci_03	ci_neb	82	120	0.05730300	0.00674799	0.03000000
TO	ci_03	ci_neb	83	121	0.05670000	0.00669089	0.03000000
TO	ci_03	ci_neb	84	122	0.05609300	0.00663340	0.03000000
TO	ci_03	ci_neb	85	123	0.05549900	0.00655141	0.03000000
TO	ci_03	ci_neb	86	124	0.05446700	0.00646404	0.03000000
TO	ci_03	ci_neb	87	125	0.05390100	0.00638840	0.03000000
TO	ci_03	ci_neb	88	126	0.05327700	0.00630040	0.03000000
TO	ci_03	ci_neb	89	127	0.05254600	0.00621021	0.03000000
TO	ci_03	ci_neb	90	128	0.05194600	0.00611662	0.03000000
TO	ci_03	ci_neb	91	129	0.05111700	0.00603492	0.03000000
TO	ci_03	ci_neb	92	130	0.05053200	0.00594747	0.03000000
TO	ci_03	ci_neb	93	131	0.04983600	0.00592622	0.03000000
TO	ci_03	ci_neb	94	132	0.04909600	0.00589148	0.03000000
TO	ci_03	ci_neb	95	133	0.04832200	0.00590200	0.03000000
TO	ci_03	ci_neb	96	134	0.04785400	0.00579204	0.03000000
TO	ci_03	ci_neb	97	135	0.04734800	0.00573996	0.03000000
TO	ci_03	ci_neb	98	136	0.04690600	0.00566603	0.03000000
TO	ci_03	ci_neb	99	137	0.04650500	0.00560886	0.03000000
TO	ci_03	ci_neb	100	138	0.04604700	0.00556234	0.03000000
TO	ci_03	ci_neb	101	139	0.04545900	0.00551408	0.03000000
TO	ci_03	ci_neb	102	140	0.04512600	0.00543088	0.03000000
TO	ci_03	ci_neb	103	141	0.04474600	0.00539558	0.03000000
TO	ci_03	ci_neb	104	142	0.04422600	0.00534090	0.03000000
TO	ci_03	ci_neb	105	143	0.04359000	0.00523674	0.03000000
TO	ci_03	ci_neb	106	144	0.04299700	0.00520805	0.03000000
TO	ci_03	ci_neb	107	145	0.04246400	0.00517418	0.03000000
TO	ci_03	ci_neb	108	146	0.04190000	0.00510904	0.03000000
TO	ci_03	ci_neb	109	147	0.04119800	0.00506490	0.03000000
TO	ci_03	ci_neb	110	148	0.04065300	0.00500593	0.03000000
TO	ci_03	ci_neb	111	149	0.04007000	0.00500884	0.03000000
TO	ci_03	ci_neb	112	150	0.03940000	0.00501181	0.03000000
TO	ci_03	ci_neb	113	151	0.03924700	0.00498474	0.03000000
TO	ci_03	ci_neb	114	152	0.03884300	0.00495379	0.03000000
TO	ci_03	ci_neb	115	153	0.03856600	0.00488810	0.03000000
TO	ci_03	ci_neb	116	154	0.03796000	0.00482809	0.03000000
TO	ci_03	ci_neb	117	155	0.03776500	0.00480855	0.03000000
TO	ci_03	ci_neb	118	156	0.03724100	0.00470668	0.03000000
TO	ci_03	ci_neb	119	157	0.03684300	0.00462196	0.03000000
TO	ci_03	ci_neb	120	158	0.03647700	0.00458321	0.03000000
TO	ci_03	ci_neb	121	159	0.03617300	0.00454305	0.03000000
TO	ci_03	ci_neb	122	160	0.03564000	0.00449547	0.03000000
TO	ci_03	ci_neb	123	161	0.03520100	0.00448545	0.03000000
TO	ci_03	ci_neb	124	162	0.03469600	0.00442564	0.03000000
TO	ci_03	ci_neb	125	163	0.03418800	0.00437545	0.03000000
TO	ci_03	ci_neb	126	164	0.03369500	0.00432377	0.03000000
TO	ci_03	ci_neb	127	165	0.03315100	0.00427213	0.03000000
TO	ci_03	ci_neb	128	166	0.03274600	0.00422612	0.03000000
TO	ci_03	ci_neb	129	167	0.03229800	0.00422590	0.03000000
TO	ci_03	ci_neb	130	168	0.03189400	0.00415151	0.03000000
TO	ci_03	ci_neb	131	169	0.03137600	0.00411611	0.03000000
TO	ci_03	ci_neb	132	170	0.03098500	0.00406006	0.03000000
TO	ci_03	ci_neb	133	171	0.03045200	0.00402383	0.03000000
TO	ci_03	ci_neb	134	172	0.03009000	0.00401516	0.03000000
TO	ci_03	ci_neb	135	173	0.02960000	0.00396548	0.03000000
