path	stage	stage_kind	job_id	stage_iteration	global_iteration	peak_image	barrier_forward_ev	barrier_reverse_ev
TT_c	pre	pre_neb	62213597	1	1	02	0.19021478	0.19021478
TT_c	pre	pre_neb	62213597	2	2	02	0.17877478	0.17877478
TT_c	pre	pre_neb	62213597	3	3	02	0.16972478	0.16972478
TT_c	pre	pre_neb	62213597	4	4	02	0.16242478	0.16242478
TT_c	pre	pre_neb	62213597	5	5	02	0.15654478	0.15654478
TT_c	pre	pre_neb	62213597	6	6	02	0.15172478	0.15172478
TT_c	pre	pre_neb	62213597	7	7	02	0.14772478	0.14772478
TT_c	pre	pre_neb	62213597	8	8	02	0.14440478	0.14440478
TT_c	pre	pre_neb	62213597	9	9	02	0.14160478	0.14160478
TT_c	pre	pre_neb	62213597	10	10	02	0.13921478	0.13921478
TT_c	pre	pre_neb	62213597	11	11	02	0.13715478	0.13715478
TT_c	pre	pre_neb	62213597	12	12	02	0.13538478	0.13538478
TT_c	pre	pre_neb	62213597	13	13	02	0.13386478	0.13386478
TT_c	pre	pre_neb	62213597	14	14	02	0.13252478	0.13252478
TT_c	pre	pre_neb	62213597	15	15	02	0.13134478	0.13134478
TT_c	pre	pre_neb	62213597	16	16	02	0.13029478	0.13029478
TT_c	pre	pre_neb	62213597	17	17	02	0.12935478	0.12935478
TT_c	pre	pre_neb	62213597	18	18	02	0.12848478	0.12848478
TT_c	pre	pre_neb	62213597	19	19	02	0.12771478	0.12771478
TT_c	pre	pre_neb	62213597	20	20	02	0.12703478	0.12703478
TT_c	pre	pre_neb	62213597	21	21	02	0.12640478	0.12640478
TT_c	pre	pre_neb	62213597	22	22	02	0.12582478	0.12582478
TT_c	pre	pre_neb	62213597	23	23	02	0.12528478	0.12528478
TT_c	pre	pre_neb	62213597	24	24	02	0.12480478	0.12480478
TT_c	pre	pre_neb	62213597	25	25	02	0.12435478	0.12435478
TT_c	pre	pre_neb	62213597	26	26	02	0.12393478	0.12393478
TT_c	pre	pre_neb	62213597	27	27	02	0.12354478	0.12354478
TT_c	pre	pre_neb	62213597	28	28	02	0.12317478	0.12317478
TT_c	pre	pre_neb	62213597	29	29	02	0.12282478	0.12282478
TT_c	ci_01	ci_neb	62298828	1	30	02	0.12282478	0.12282478
TT_c	ci_01	ci_neb	62298828	2	31	03	0.12288478	0.12288478
TT_c	ci_01	ci_neb	62298828	3	32	03	0.12296478	0.12296478
TT_c	ci_01	ci_neb	62298828	4	33	03	0.12304478	0.12304478
TT_c	ci_01	ci_neb	62298828	5	34	03	0.12312478	0.12312478
TT_c	ci_01	ci_neb	62298828	6	35	03	0.12321478	0.12321478
TT_c	ci_01	ci_neb	62298828	7	36	03	0.12331478	0.12331478
TT_c	ci_01	ci_neb	62298828	8	37	03	0.12340478	0.12340478
TT_c	ci_01	ci_neb	62298828	9	38	03	0.12351478	0.12351478
TT_c	ci_01	ci_neb	62298828	10	39	03	0.12361478	0.12361478
TT_c	ci_01	ci_neb	62298828	11	40	03	0.12373478	0.12373478
TT_c	ci_01	ci_neb	62298828	12	41	03	0.12384478	0.12384478
TT_c	ci_01	ci_neb	62298828	13	42	03	0.12396478	0.12396478
TT_c	ci_01	ci_neb	62298828	14	43	03	0.12407478	0.12407478
TT_c	ci_01	ci_neb	62298828	15	44	03	0.12418478	0.12418478
TT_c	ci_01	ci_neb	62298828	16	45	03	0.12429478	0.12429478
TT_c	ci_01	ci_neb	62298828	17	46	03	0.12439478	0.12439478
TT_c	ci_01	ci_neb	62298828	18	47	03	0.12450478	0.12450478
TT_c	ci_01	ci_neb	62298828	19	48	03	0.12460478	0.12460478
TT_c	ci_01	ci_neb	62298828	20	49	03	0.12471478	0.12471478
TT_c	ci_01	ci_neb	62298828	21	50	03	0.12482478	0.12482478
TT_c	ci_01	ci_neb	62298828	22	51	03	0.12491478	0.12491478
TT_c	ci_01	ci_neb	62298828	23	52	03	0.12501478	0.12501478
TT_c	ci_01	ci_neb	62298828	24	53	03	0.12510478	0.12510478
TT_c	ci_01	ci_neb	62298828	25	54	03	0.12519478	0.12519478
TT_c	ci_01	ci_neb	62298828	26	55	03	0.12528478	0.12528478
TT_c	ci_01	ci_neb	62298828	27	56	03	0.12537478	0.12537478
TT_c	ci_01	ci_neb	62298828	28	57	03	0.12547478	0.12547478
TT_c	ci_01	ci_neb	62298828	29	58	03	0.12556478	0.12556478
TT_c	ci_01	ci_neb	62298828	30	59	03	0.12564478	0.12564478
TT_c	ci_01	ci_neb	62298828	31	60	03	0.12574478	0.12574478
TT_c	ci_01	ci_neb	62298828	32	61	03	0.12582478	0.12582478
TT_c	ci_01	ci_neb	62298828	33	62	03	0.12590478	0.12590478
TT_c	ci_01	ci_neb	62298828	34	63	03	0.12598478	0.12598478
TT_c	ci_01	ci_neb	62298828	35	64	03	0.12606478	0.12606478
TT_c	ci_01	ci_neb	62298828	36	65	03	0.12614478	0.12614478
TT_c	ci_01	ci_neb	62298828	37	66	03	0.12621478	0.12621478
TT_c	ci_01	ci_neb	62298828	38	67	03	0.12628478	0.12628478
TT_c	ci_01	ci_neb	62298828	39	68	03	0.12636478	0.12636478
TT_c	ci_01	ci_neb	62298828	40	69	03	0.12642478	0.12642478
TT_c	ci_01	ci_neb	62298828	41	70	03	0.12649478	0.12649478
TT_c	ci_01	ci_neb	62298828	42	71	03	0.12656478	0.12656478
TT_c	ci_01	ci_neb	62298828	43	72	03	0.12663478	0.12663478
TT_c	ci_01	ci_neb	62298828	44	73	03	0.12669478	0.12669478
TT_c	ci_01	ci_neb	62298828	45	74	03	0.12676478	0.12676478
TT_c	ci_01	ci_neb	62298828	46	75	03	0.12682478	0.12682478
TT_c	ci_01	ci_neb	62298828	47	76	03	0.12688478	0.12688478
TT_c	ci_01	ci_neb	62298828	48	77	03	0.12695478	0.12695478
TT_c	ci_01	ci_neb	62298828	49	78	03	0.12701478	0.12701478
TT_c	ci_01	ci_neb	62298828	50	79	03	0.12708478	0.12708478
TT_c	ci_01	ci_neb	62298828	51	80	03	0.12714478	0.12714478
TT_c	ci_01	ci_neb	62298828	52	81	03	0.12720478	0.12720478
TT_c	ci_01	ci_neb	62298828	53	82	03	0.12726478	0.12726478
TT_c	ci_01	ci_neb	62298828	54	83	03	0.12732478	0.12732478
TT_c	ci_01	ci_neb	62298828	55	84	03	0.12738478	0.12738478
TT_c	ci_01	ci_neb	62298828	56	85	03	0.12744478	0.12744478
TT_c	ci_01	ci_neb	62298828	57	86	03	0.12749478	0.12749478
TT_c	ci_01	ci_neb	62298828	58	87	03	0.12755478	0.12755478
TT_c	ci_01	ci_neb	62298828	59	88	03	0.12760478	0.12760478
TT_c	ci_01	ci_neb	62298828	60	89	03	0.12765478	0.12765478
TT_c	ci_01	ci_neb	62298828	61	90	03	0.12771478	0.12771478
TT_c	ci_01	ci_neb	62298828	62	91	03	0.12775478	0.12775478
TT_c	ci_01	ci_neb	62298828	63	92	03	0.12780478	0.12780478
TT_c	ci_01	ci_neb	62298828	64	93	03	0.12785478	0.12785478
TT_c	ci_01	ci_neb	62298828	65	94	03	0.12789478	0.12789478
TT_c	ci_01	ci_neb	62298828	66	95	03	0.12794478	0.12794478
TT_c	ci_01	ci_neb	62298828	67	96	03	0.12798478	0.12798478
TT_c	ci_01	ci_neb	62298828	68	97	03	0.12802478	0.12802478
TT_c	ci_01	ci_neb	62298828	69	98	03	0.12807478	0.12807478
TT_c	ci_01	ci_neb	62298828	70	99	03	0.12810478	0.12810478
TT_c	ci_01	ci_neb	62298828	71	100	03	0.12815478	0.12815478
TT_c	ci_01	ci_neb	62298828	72	101	03	0.12819478	0.12819478
TT_c	ci_01	ci_neb	62298828	73	102	03	0.12822478	0.12822478
TT_c	ci_01	ci_neb	62298828	74	103	03	0.12826478	0.12826478
TT_c	ci_01	ci_neb	62298828	75	104	03	0.12829478	0.12829478
TT_c	ci_01	ci_neb	62298828	76	105	03	0.12833478	0.12833478
TT_c	ci_01	ci_neb	62298828	77	106	03	0.12836478	0.12836478
TT_c	ci_01	ci_neb	62298828	78	107	03	0.12840478	0.12840478
TT_c	ci_01	ci_neb	62298828	79	108	03	0.12843478	0.12843478
TT_c	ci_01	ci_neb	62298828	80	109	03	0.12846478	0.12846478
TT_c	ci_01	ci_neb	62298828	81	110	03	0.12849478	0.12849478
TT_c	ci_01	ci_neb	62298828	82	111	03	0.12852478	0.12852478
TT_c	ci_01	ci_neb	62298828	83	112	03	0.12855478	0.12855478
TT_c	ci_01	ci_neb	62298828	84	113	03	0.12857478	0.12857478
TT_c	ci_01	ci_neb	62298828	85	114	03	0.12860478	0.12860478
TT_c	ci_01	ci_neb	62298828	86	115	03	0.12862478	0.12862478
TT_c	ci_01	ci_neb	62298828	87	116	03	0.12864478	0.12864478
TT_c	ci_01	ci_neb	62298828	88	117	03	0.12866478	0.12866478
TT_c	ci_01	ci_neb	62298828	89	118	03	0.12868478	0.12868478
TT_c	ci_01	ci_neb	62298828	90	119	03	0.12870478	0.12870478
TT_c	ci_01	ci_neb	62298828	91	120	03	0.12872478	0.12872478
TT_c	ci_01	ci_neb	62298828	92	121	03	0.12874478	0.12874478
TT_c	ci_01	ci_neb	62298828	93	122	03	0.12876478	0.12876478
TT_c	ci_01	ci_neb	62298828	94	123	03	0.12878478	0.12878478
TT_c	ci_01	ci_neb	62298828	95	124	03	0.12880478	0.12880478
TT_c	ci_01	ci_neb	62298828	96	125	03	0.12882478	0.12882478
TT_c	ci_01	ci_neb	62298828	97	126	03	0.12883478	0.12883478
TT_c	ci_01	ci_neb	62298828	98	127	03	0.12885478	0.12885478
TT_c	ci_01	ci_neb	62298828	99	128	03	0.12887478	0.12887478
TT_c	ci_01	ci_neb	62298828	100	129	03	0.12888478	0.12888478
TT_c	ci_01	ci_neb	62298828	101	130	03	0.12890478	0.12890478
TT_c	ci_01	ci_neb	62298828	102	131	03	0.12891478	0.12891478
TT_c	ci_01	ci_neb	62298828	103	132	03	0.12893478	0.12893478
TT_c	ci_01	ci_neb	62298828	104	133	03	0.12894478	0.12894478
TT_c	ci_01	ci_neb	62298828	105	134	03	0.12895478	0.12895478
TT_c	ci_01	ci_neb	62298828	106	135	03	0.12897478	0.12897478
TT_c	ci_01	ci_neb	62298828	107	136	03	0.12898478	0.12898478
TT_c	ci_01	ci_neb	62298828	108	137	03	0.12899478	0.12899478
TT_c	ci_01	ci_neb	62298828	109	138	03	0.12901478	0.12901478
TT_c	ci_01	ci_neb	62298828	110	139	03	0.12902478	0.12902478
TT_c	ci_01	ci_neb	62298828	111	140	03	0.12903478	0.12903478
TT_c	ci_01	ci_neb	62298828	112	141	03	0.12905478	0.12905478
TT_c	ci_01	ci_neb	62298828	113	142	03	0.12906478	0.12906478
TT_c	ci_01	ci_neb	62298828	114	143	03	0.12907478	0.12907478
TT_c	ci_01	ci_neb	62298828	115	144	03	0.12908478	0.12908478
TT_c	ci_01	ci_neb	62298828	116	145	03	0.12909478	0.12909478
TT_c	ci_01	ci_neb	62298828	117	146	03	0.12910478	0.12910478
TT_c	ci_01	ci_neb	62298828	118	147	03	0.12912478	0.12912478
TT_c	ci_01	ci_neb	62298828	119	148	03	0.12913478	0.12913478
TT_c	ci_01	ci_neb	62298828	120	149	03	0.12913478	0.12913478
TT_c	ci_01	ci_neb	62298828	121	150	03	0.12914478	0.12914478
TT_c	ci_01	ci_neb	62298828	122	151	03	0.12915478	0.12915478
TT_c	ci_01	ci_neb	62298828	123	152	03	0.12916478	0.12916478
TT_c	ci_01	ci_neb	62298828	124	153	03	0.12917478	0.12917478
TT_c	ci_01	ci_neb	62298828	125	154	03	0.12918478	0.12918478
TT_c	ci_01	ci_neb	62298828	126	155	03	0.12919478	0.12919478
TO	pre	pre_neb	62307728	1	1	02	0.46027478	0.39737078
TO	pre	pre_neb	62307728	2	2	02	0.45296478	0.39006078
TO	pre	pre_neb	62307728	3	3	02	0.44718478	0.38428078
TO	pre	pre_neb	62307728	4	4	02	0.44258478	0.37968078
TO	pre	pre_neb	62307728	5	5	02	0.43893478	0.37603078
TO	pre	pre_neb	62307728	6	6	02	0.43593478	0.37303078
TO	pre	pre_neb	62307728	7	7	02	0.43344478	0.37054078
TO	pre	pre_neb	62307728	8	8	02	0.43140478	0.36850078
TO	pre	pre_neb	62307728	9	9	02	0.42972478	0.36682078
TO	pre	pre_neb	62307728	10	10	02	0.42828478	0.36538078
TO	pre	pre_neb	62307728	11	11	02	0.42706478	0.36416078
TO	pre	pre_neb	62307728	12	12	02	0.42603478	0.36313078
TO	pre	pre_neb	62307728	13	13	02	0.42515478	0.36225078
TO	pre	pre_neb	62307728	14	14	02	0.42438478	0.36148078
TO	pre	pre_neb	62307728	15	15	02	0.42368478	0.36078078
TO	pre	pre_neb	62307728	16	16	02	0.42306478	0.36016078
TO	pre	pre_neb	62307728	17	17	02	0.42250478	0.35960078
TO	pre	pre_neb	62307728	18	18	02	0.42201478	0.35911078
TO	pre	pre_neb	62307728	19	19	02	0.42157478	0.35867078
TO	pre	pre_neb	62307728	20	20	02	0.42116478	0.35826078
TO	pre	pre_neb	62307728	21	21	02	0.42079478	0.35789078
TO	pre	pre_neb	62307728	22	22	02	0.42045478	0.35755078
TO	pre	pre_neb	62307728	23	23	02	0.42013478	0.35723078
TO	pre	pre_neb	62307728	24	24	02	0.41983478	0.35693078
TO	pre	pre_neb	62307728	25	25	02	0.41955478	0.35665078
TO	pre	pre_neb	62307728	26	26	02	0.41929478	0.35639078
TO	pre	pre_neb	62307728	27	27	02	0.41904478	0.35614078
TO	pre	pre_neb	62307728	28	28	02	0.41882478	0.35592078
TO	pre	pre_neb	62307728	29	29	02	0.41859478	0.35569078
TO	pre	pre_neb	62307728	30	30	02	0.41837478	0.35547078
TO	pre	pre_neb	62307728	31	31	02	0.41815478	0.35525078
TO	pre	pre_neb	62307728	32	32	02	0.41794478	0.35504078
TO	pre	pre_neb	62307728	33	33	02	0.41774478	0.35484078
TO	pre	pre_neb	62307728	34	34	02	0.41755478	0.35465078
TO	pre	pre_neb	62307728	35	35	02	0.41735478	0.35445078
TO	pre	pre_neb	62307728	36	36	02	0.41717478	0.35427078
TO	pre	pre_neb	62307728	37	37	02	0.41699478	0.35409078
TO	ci_01	ci_neb	62470978	1	38	02	0.41699478	0.35409078
TO	ci_03	ci_neb	62475824	1	39	02	0.41699478	0.35409078
TO	ci_03	ci_neb	62475824	2	40	02	0.41731478	0.35441078
TO	ci_03	ci_neb	62475824	3	41	02	0.41761478	0.35471078
TO	ci_03	ci_neb	62475824	4	42	02	0.41791478	0.35501078
TO	ci_03	ci_neb	62475824	5	43	02	0.41819478	0.35529078
TO	ci_03	ci_neb	62475824	6	44	02	0.41846478	0.35556078
TO	ci_03	ci_neb	62475824	7	45	02	0.41872478	0.35582078
TO	ci_03	ci_neb	62475824	8	46	02	0.41898478	0.35608078
TO	ci_03	ci_neb	62475824	9	47	02	0.41922478	0.35632078
TO	ci_03	ci_neb	62475824	10	48	02	0.41946478	0.35656078
TO	ci_03	ci_neb	62475824	11	49	02	0.41969478	0.35679078
TO	ci_03	ci_neb	62475824	12	50	02	0.41991478	0.35701078
TO	ci_03	ci_neb	62475824	13	51	02	0.42012478	0.35722078
TO	ci_03	ci_neb	62475824	14	52	02	0.42032478	0.35742078
TO	ci_03	ci_neb	62475824	15	53	02	0.42052478	0.35762078
TO	ci_03	ci_neb	62475824	16	54	02	0.42070478	0.35780078
TO	ci_03	ci_neb	62475824	17	55	02	0.42088478	0.35798078
TO	ci_03	ci_neb	62475824	18	56	02	0.42106478	0.35816078
TO	ci_03	ci_neb	62475824	19	57	02	0.42123478	0.35833078
TO	ci_03	ci_neb	62475824	20	58	02	0.42139478	0.35849078
TO	ci_03	ci_neb	62475824	21	59	02	0.42154478	0.35864078
TO	ci_03	ci_neb	62475824	22	60	02	0.42169478	0.35879078
TO	ci_03	ci_neb	62475824	23	61	02	0.42184478	0.35894078
TO	ci_03	ci_neb	62475824	24	62	02	0.42198478	0.35908078
TO	ci_03	ci_neb	62475824	25	63	02	0.42212478	0.35922078
TO	ci_03	ci_neb	62475824	26	64	02	0.42226478	0.35936078
TO	ci_03	ci_neb	62475824	27	65	02	0.42238478	0.35948078
TO	ci_03	ci_neb	62475824	28	66	02	0.42251478	0.35961078
TO	ci_03	ci_neb	62475824	29	67	02	0.42263478	0.35973078
TO	ci_03	ci_neb	62475824	30	68	02	0.42274478	0.35984078
TO	ci_03	ci_neb	62475824	31	69	02	0.42285478	0.35995078
TO	ci_03	ci_neb	62475824	32	70	02	0.42295478	0.36005078
TO	ci_03	ci_neb	62475824	33	71	02	0.42305478	0.36015078
TO	ci_03	ci_neb	62475824	34	72	02	0.42314478	0.36024078
TO	ci_03	ci_neb	62475824	35	73	02	0.42323478	0.36033078
TO	ci_03	ci_neb	62475824	36	74	02	0.42331478	0.36041078
TO	ci_03	ci_neb	62475824	37	75	02	0.42339478	0.36049078
TO	ci_03	ci_neb	62475824	38	76	02	0.42347478	0.36057078
TO	ci_03	ci_neb	62475824	39	77	02	0.42354478	0.36064078
TO	ci_03	ci_neb	62475824	40	78	02	0.42362478	0.36072078
TO	ci_03	ci_neb	62475824	41	79	02	0.42369478	0.36079078
TO	ci_03	ci_neb	62475824	42	80	02	0.42376478	0.36086078
TO	ci_03	ci_neb	62475824	43	81	02	0.42382478	0.36092078
TO	ci_03	ci_neb	62475824	44	82	02	0.42389478	0.36099078
TO	ci_03	ci_neb	62475824	45	83	02	0.42395478	0.36105078
TO	ci_03	ci_neb	62475824	46	84	02	0.42401478	0.36111078
TO	ci_03	ci_neb	62475824	47	85	02	0.42406478	0.36116078
TO	ci_03	ci_neb	62475824	48	86	02	0.42411478	0.36121078
TO	ci_03	ci_neb	62475824	49	87	02	0.42416478	0.36126078
TO	ci_03	ci_neb	62475824	50	88	02	0.42420478	0.36130078
TO	ci_03	ci_neb	62475824	51	89	02	0.42424478	0.36134078
TO	ci_03	ci_neb	62475824	52	90	02	0.42429478	0.36139078
TO	ci_03	ci_neb	62475824	53	91	02	0.42433478	0.36143078
TO	ci_03	ci_neb	62475824	54	92	02	0.42437478	0.36147078
TO	ci_03	ci_neb	62475824	55	93	02	0.42440478	0.36150078
TO	ci_03	ci_neb	62475824	56	94	02	0.42444478	0.36154078
TO	ci_03	ci_neb	62475824	57	95	02	0.42447478	0.36157078
TO	ci_03	ci_neb	62475824	58	96	02	0.42450478	0.36160078
TO	ci_03	ci_neb	62475824	59	97	02	0.42453478	0.36163078
TO	ci_03	ci_neb	62475824	60	98	02	0.42455478	0.36165078
TO	ci_03	ci_neb	62475824	61	99	02	0.42458478	0.36168078
TO	ci_03	ci_neb	62475824	62	100	02	0.42461478	0.36171078
TO	ci_03	ci_neb	62475824	63	101	02	0.42463478	0.36173078
TO	ci_03	ci_neb	62475824	64	102	02	0.42465478	0.36175078
TO	ci_03	ci_neb	62475824	65	103	02	0.42468478	0.36178078
TO	ci_03	ci_neb	62475824	66	104	02	0.42470478	0.36180078
TO	ci_03	ci_neb	62475824	67	105	02	0.42472478	0.36182078
TO	ci_03	ci_neb	62475824	68	106	02	0.42473478	0.36183078
TO	ci_03	ci_neb	62475824	69	107	02	0.42476478	0.36186078
TO	ci_03	ci_neb	62475824	70	108	02	0.42477478	0.36187078
TO	ci_03	ci_neb	62475824	71	109	02	0.42479478	0.36189078
TO	ci_03	ci_neb	62475824	72	110	02	0.42480478	0.36190078
TO	ci_03	ci_neb	62475824	73	111	02	0.42482478	0.36192078
TO	ci_03	ci_neb	62475824	74	112	02	0.42483478	0.36193078
TO	ci_03	ci_neb	62475824	75	113	02	0.42484478	0.36194078
TO	ci_03	ci_neb	62475824	76	114	02	0.42485478	0.36195078
TO	ci_03	ci_neb	62475824	77	115	02	0.42486478	0.36196078
TO	ci_03	ci_neb	62475824	78	116	02	0.42487478	0.36197078
TO	ci_03	ci_neb	62475824	79	117	02	0.42488478	0.36198078
TO	ci_03	ci_neb	62475824	80	118	02	0.42488478	0.36198078
TO	ci_03	ci_neb	62475824	81	119	02	0.42489478	0.36199078
TO	ci_03	ci_neb	62475824	82	120	02	0.42489478	0.36199078
TO	ci_03	ci_neb	62475824	83	121	02	0.42489478	0.36199078
TO	ci_03	ci_neb	62475824	84	122	02	0.42491478	0.36201078
TO	ci_03	ci_neb	62475824	85	123	02	0.42491478	0.36201078
TO	ci_03	ci_neb	62475824	86	124	02	0.42492478	0.36202078
TO	ci_03	ci_neb	62475824	87	125	02	0.42492478	0.36202078
TO	ci_03	ci_neb	62475824	88	126	02	0.42492478	0.36202078
TO	ci_03	ci_neb	62475824	89	127	02	0.42493478	0.36203078
TO	ci_03	ci_neb	62475824	90	128	02	0.42493478	0.36203078
TO	ci_03	ci_neb	62475824	91	129	02	0.42494478	0.36204078
TO	ci_03	ci_neb	62475824	92	130	02	0.42494478	0.36204078
TO	ci_03	ci_neb	62475824	93	131	02	0.42494478	0.36204078
TO	ci_03	ci_neb	62475824	94	132	02	0.42495478	0.36205078
TO	ci_03	ci_neb	62475824	95	133	02	0.42495478	0.36205078
TO	ci_03	ci_neb	62475824	96	134	02	0.42495478	0.36205078
TO	ci_03	ci_neb	62475824	97	135	02	0.42496478	0.36206078
TO	ci_03	ci_neb	62475824	98	136	02	0.42496478	0.36206078
TO	ci_03	ci_neb	62475824	99	137	02	0.42496478	0.36206078
TO	ci_03	ci_neb	62475824	100	138	02	0.42497478	0.36207078
TO	ci_03	ci_neb	62475824	101	139	02	0.42497478	0.36207078
TO	ci_03	ci_neb	62475824	102	140	02	0.42498478	0.36208078
TO	ci_03	ci_neb	62475824	103	141	02	0.42498478	0.36208078
TO	ci_03	ci_neb	62475824	104	142	02	0.42499478	0.36209078
TO	ci_03	ci_neb	62475824	105	143	02	0.42499478	0.36209078
TO	ci_03	ci_neb	62475824	106	144	02	0.42500478	0.36210078
TO	ci_03	ci_neb	62475824	107	145	02	0.42500478	0.36210078
TO	ci_03	ci_neb	62475824	108	146	02	0.42500478	0.36210078
TO	ci_03	ci_neb	62475824	109	147	02	0.42500478	0.36210078
TO	ci_03	ci_neb	62475824	110	148	02	0.42500478	0.36210078
TO	ci_03	ci_neb	62475824	111	149	02	0.42501478	0.36211078
TO	ci_03	ci_neb	62475824	112	150	02	0.42501478	0.36211078
TO	ci_03	ci_neb	62475824	113	151	02	0.42501478	0.36211078
TO	ci_03	ci_neb	62475824	114	152	02	0.42501478	0.36211078
TO	ci_03	ci_neb	62475824	115	153	02	0.42501478	0.36211078
TO	ci_03	ci_neb	62475824	116	154	02	0.42501478	0.36211078
TO	ci_03	ci_neb	62475824	117	155	02	0.42501478	0.36211078
TO	ci_03	ci_neb	62475824	118	156	02	0.42501478	0.36211078
TO	ci_03	ci_neb	62475824	119	157	02	0.42501478	0.36211078
TO	ci_03	ci_neb	62475824	120	158	02	0.42502478	0.36212078
TO	ci_03	ci_neb	62475824	121	159	02	0.42502478	0.36212078
TO	ci_03	ci_neb	62475824	122	160	02	0.42501478	0.36211078
TO	ci_03	ci_neb	62475824	123	161	02	0.42502478	0.36212078
TO	ci_03	ci_neb	62475824	124	162	02	0.42502478	0.36212078
TO	ci_03	ci_neb	62475824	125	163	02	0.42502478	0.36212078
TO	ci_03	ci_neb	62475824	126	164	02	0.42502478	0.36212078
TO	ci_03	ci_neb	62475824	127	165	02	0.42502478	0.36212078
TO	ci_03	ci_neb	62475824	128	166	02	0.42502478	0.36212078
TO	ci_03	ci_neb	62475824	129	167	02	0.42502478	0.36212078
TO	ci_03	ci_neb	62475824	130	168	02	0.42502478	0.36212078
TO	ci_03	ci_neb	62475824	131	169	02	0.42502478	0.36212078
TO	ci_03	ci_neb	62475824	132	170	02	0.42502478	0.36212078
TO	ci_03	ci_neb	62475824	133	171	02	0.42502478	0.36212078
TO	ci_03	ci_neb	62475824	134	172	02	0.42502478	0.36212078
TO	ci_03	ci_neb	62475824	135	173	02	0.42502478	0.36212078
